timestamp,vehicle_id,line,latitude,longitude,speed,gps_timestamp,placa,sentido,trajeto,raw_data
2025-10-27T18:17:19.801298,901008,22,-23.001023,-43.36525,4.8,1761599559000,,ida,22 - ALVORADA X JARDIM OCEÃ‚NICO (PARADOR) [IDA],"{'codigo': '901008', 'placa': '', 'linha': '22', 'latitude': -23.001023, 'longitude': -43.36525, 'dataHora': 1761599559000, 'velocidade': 4.8, 'id_migracao_trajeto': '8970', 'sentido': 'ida', 'trajeto': '22 - ALVORADA X JARDIM OCEÃ‚NICO (PARADOR) [IDA]', 'hodometro': 214630, 'direcao': 283, 'ignicao': 1, 'capacidadePeVeiculo': 0, 'capacidadeSentadoVeiculo': 0}"
2025-10-27T18:17:19.801298,901011,52,-22.973239,-43.388923,58.9,1761599792000,RIV8A74,volta,52 - T. ALVORADA X T. DEODORO (PARADOR) [VOLTA],"{'codigo': '901011', 'placa': 'RIV8A74', 'linha': '52', 'latitude': -22.973239, 'longitude': -43.388923, 'dataHora': 1761599792000, 'velocidade': 58.9, 'id_migracao_trajeto': '9162', 'sentido': 'volta', 'trajeto': '52 - T. ALVORADA X T. DEODORO (PARADOR) [VOLTA]', 'hodometro': 228933.5, 'direcao': 269, 'ignicao': 1, 'capacidadePeVeiculo': 0, 'capacidadeSentadoVeiculo': 0}"
2025-10-27T18:17:19.801298,901018,22,-23.006525,-43.312849,0.0,1761599795000,,volta,22 - JARDIM OCEÃ‚NICO X ALVORADA (PARADOR) [VOLTA],"{'codigo': '901018', 'placa': '', 'linha': '22', 'latitude': -23.006525, 'longitude': -43.312849, 'dataHora': 1761599795000, 'velocidade': 0, 'id_migracao_trajeto': '8971', 'sentido': 'volta', 'trajeto': '22 - JARDIM OCEÃ‚NICO X ALVORADA (PARADOR) [VOLTA]', 'hodometro': 189879.8, 'direcao': 303, 'ignicao': 1, 'capacidadePeVeiculo': 0, 'capacidadeSentadoVeiculo': 0}"
2025-10-27T18:17:19.801298,901012,22,-23.000087,-43.355503,0.0,1761599799000,,ida,22 - ALVORADA X JARDIM OCEÃ‚NICO (PARADOR) [IDA],"{'codigo': '901012', 'placa': '', 'linha': '22', 'latitude': -23.000087, 'longitude': -43.355503, 'dataHora': 1761599799000, 'velocidade': 0, 'id_migracao_trajeto': '8970', 'sentido': 'ida', 'trajeto': '22 - ALVORADA X JARDIM OCEÃ‚NICO (PARADOR) [IDA]', 'hodometro': 184488.3, 'direcao': 91, 'ignicao': 1, 'capacidadePeVeiculo': 0, 'capacidadeSentadoVeiculo': 0}"
2025-10-27T18:17:19.801298,901014,52,-22.981629,-43.365785,48.7,1761599809000,,ida,52 - T. DEODORO X T. ALVORADA (PARADOR) [IDA],"{'codigo': '901014', 'placa': '', 'linha': '52', 'latitude': -22.981629, 'longitude': -43.365785, 'dataHora': 1761599809000, 'velocidade': 48.7, 'id_migracao_trajeto': '9161', 'sentido': 'ida', 'trajeto': '52 - T. DEODORO X T. ALVORADA (PARADOR) [IDA]', 'hodometro': 228019.8, 'direcao': 180, 'ignicao': 1, 'capacidadePeVeiculo': 0, 'capacidadeSentadoVeiculo': 0}"
2025-10-27T18:17:19.801298,901007,0,-22.75162,-43.286805,0.0,1761509032000,,,,"{'codigo': '901007', 'placa': '', 'linha': '0', 'latitude': -22.75162, 'longitude': -43.286805, 'dataHora': 1761509032000, 'velocidade': 0, 'id_migracao_trajeto': '', 'sentido': '', 'trajeto': '', 'hodometro': 211230.6, 'direcao': ' ', 'ignicao': 0, 'capacidadePeVeiculo': 0, 'capacidadeSentadoVeiculo': 0}"
2025-10-27T18:17:19.801298,901009,22,-23.00022,-43.3489,39.8,1761599806000,,ida,22 - ALVORADA X JARDIM OCEÃ‚NICO (PARADOR) [IDA],"{'codigo': '901009', 'placa': '', 'linha': '22', 'latitude': -23.00022, 'longitude': -43.3489, 'dataHora': 1761599806000, 'velocidade': 39.8, 'id_migracao_trajeto': '8970', 'sentido': 'ida', 'trajeto': '22 - ALVORADA X JARDIM OCEÃ‚NICO (PARADOR) [IDA]', 'hodometro': 182420.9, 'direcao': 91, 'ignicao': 1, 'capacidadePeVeiculo': 0, 'capacidadeSentadoVeiculo': 0}"
2025-10-27T18:17:19.801298,901013,51,-22.861159,-43.398693,53.8,1761599811000,,ida,51 - T. DEODORO X T. RECREIO (PARADOR) [IDA],"{'codigo': '901013', 'placa': '', 'linha': '51', 'latitude': -22.861159, 'longitude': -43.398693, 'dataHora': 1761599811000, 'velocidade': 53.8, 'id_migracao_trajeto': '3552', 'sentido': 'ida', 'trajeto': '51 - T. DEODORO X T. RECREIO (PARADOR) [IDA]', 'hodometro': 218189.2, 'direcao': 242, 'ignicao': 1, 'capacidadePeVeiculo': 0, 'capacidadeSentadoVeiculo': 0}"
2025-10-27T18:17:19.801298,901010,50,-22.980724,-43.365599,52.1,1761599807000,RJM8G30,volta,50 - JARDIM OCEÃ‚NICO X  TERMINAL CENTRO OLIMPICO (PARADOR) [VOLTA],"{'codigo': '901010', 'placa': 'RJM8G30', 'linha': '50', 'latitude': -22.980724, 'longitude': -43.365599, 'dataHora': 1761599807000, 'velocidade': 52.1, 'id_migracao_trajeto': '3311', 'sentido': 'volta', 'trajeto': '50 - JARDIM OCEÃ‚NICO X  TERMINAL CENTRO OLIMPICO (PARADOR) [VOLTA]', 'hodometro': 229770, 'direcao': 357, 'ignicao': 1, 'capacidadePeVeiculo': 0, 'capacidadeSentadoVeiculo': 0}"
2025-10-27T18:17:19.801298,901015,35,-22.973426,-43.363992,35.9,1761599804000,,volta,35 - ALVORADA  X  MADUREIRA (PARADOR) [VOLTA],"{'codigo': '901015', 'placa': '', 'linha': '35', 'latitude': -22.973426, 'longitude': -43.363992, 'dataHora': 1761599804000, 'velocidade': 35.9, 'id_migracao_trajeto': '109', 'sentido': 'volta', 'trajeto': '35 - ALVORADA  X  MADUREIRA (PARADOR) [VOLTA]', 'hodometro': 232158.3, 'direcao': 294, 'ignicao': 1, 'capacidadePeVeiculo': 0, 'capacidadeSentadoVeiculo': 0}"
2025-10-27T18:17:19.801298,901047,52,-22.853757,-43.384328,0.0,1761599707000,,ida,52 - T. DEODORO X T. ALVORADA (PARADOR) [IDA],"{'codigo': '901047', 'placa': '', 'linha': '52', 'latitude': -22.853757, 'longitude': -43.384328, 'dataHora': 1761599707000, 'velocidade': 0, 'id_migracao_trajeto': '9161', 'sentido': 'ida', 'trajeto': '52 - T. DEODORO X T. ALVORADA (PARADOR) [IDA]', 'hodometro': 107495.6, 'direcao': 292, 'ignicao': 1, 'capacidadePeVeiculo': 0, 'capacidadeSentadoVeiculo': 0}"
2025-10-27T18:17:19.801298,901017,22,-23.006385,-43.313095,0.0,1761599805000,,volta,22 - JARDIM OCEÃ‚NICO X ALVORADA (PARADOR) [VOLTA],"{'codigo': '901017', 'placa': '', 'linha': '22', 'latitude': -23.006385, 'longitude': -43.313095, 'dataHora': 1761599805000, 'velocidade': 0, 'id_migracao_trajeto': '8971', 'sentido': 'volta', 'trajeto': '22 - JARDIM OCEÃ‚NICO X ALVORADA (PARADOR) [VOLTA]', 'hodometro': 193463.1, 'direcao': 261, 'ignicao': 1, 'capacidadePeVeiculo': 0, 'capacidadeSentadoVeiculo': 0}"
2025-10-27T18:17:19.801298,901063,51,-22.95549,-43.392503,59.5,1761599794000,,volta,51 - T. RECREIO X T.DEODORO (PARADOR) [VOLTA],"{'codigo': '901063', 'placa': '', 'linha': '51', 'latitude': -22.95549, 'longitude': -43.392503, 'dataHora': 1761599794000, 'velocidade': 59.5, 'id_migracao_trajeto': '3551', 'sentido': 'volta', 'trajeto': '51 - T. RECREIO X T.DEODORO (PARADOR) [VOLTA]', 'hodometro': 291266.4, 'direcao': 42, 'ignicao': 1, 'capacidadePeVeiculo': 0, 'capacidadeSentadoVeiculo': 0}"
2025-10-27T18:17:19.801298,902319,51,-23.008733,-43.440674,8.0,1761598998000,,volta,51 - T. RECREIO X T.DEODORO (PARADOR) [VOLTA],"{'codigo': '902319', 'placa': '', 'linha': '51', 'latitude': -23.008733, 'longitude': -43.440674, 'dataHora': 1761598998000, 'velocidade': 8, 'id_migracao_trajeto': '3551', 'sentido': 'volta', 'trajeto': '51 - T. RECREIO X T.DEODORO (PARADOR) [VOLTA]', 'hodometro': 33250, 'direcao': 46, 'ignicao': 1, 'capacidadePeVeiculo': 0, 'capacidadeSentadoVeiculo': 0}"
2025-10-27T18:17:19.801298,901006,22,-23.000875,-43.33169,45.4,1761599800000,RJA9F56,ida,22 - ALVORADA X JARDIM OCEÃ‚NICO (PARADOR) [IDA],"{'codigo': '901006', 'placa': 'RJA9F56', 'linha': '22', 'latitude': -23.000875, 'longitude': -43.33169, 'dataHora': 1761599800000, 'velocidade': 45.4, 'id_migracao_trajeto': '8970', 'sentido': 'ida', 'trajeto': '22 - ALVORADA X JARDIM OCEÃ‚NICO (PARADOR) [IDA]', 'hodometro': 219603.1, 'direcao': 94, 'ignicao': 1, 'capacidadePeVeiculo': 0, 'capacidadeSentadoVeiculo': 0}"
2025-10-27T18:17:19.801298,901005,52,-22.994908,-43.365889,10.6,1761599812000,RJB8E53,ida,52 - T. DEODORO X T. ALVORADA (PARADOR) [IDA],"{'codigo': '901005', 'placa': 'RJB8E53', 'linha': '52', 'latitude': -22.994908, 'longitude': -43.365889, 'dataHora': 1761599812000, 'velocidade': 10.6, 'id_migracao_trajeto': '9161', 'sentido': 'ida', 'trajeto': '52 - T. DEODORO X T. ALVORADA (PARADOR) [IDA]', 'hodometro': 12279.8, 'direcao': 170, 'ignicao': 1, 'capacidadePeVeiculo': 0, 'capacidadeSentadoVeiculo': 0}"
2025-10-27T18:17:19.801298,901004,53,-22.96462,-43.391673,0.0,1761597970000,RJQ8J80,ida,53 - SULACAP X ALVORADA (EXPRESSO) [IDA],"{'codigo': '901004', 'placa': 'RJQ8J80', 'linha': '53', 'latitude': -22.96462, 'longitude': -43.391673, 'dataHora': 1761597970000, 'velocidade': 0, 'id_migracao_trajeto': '8966', 'sentido': 'ida', 'trajeto': '53 - SULACAP X ALVORADA (EXPRESSO) [IDA]', 'hodometro': 253717.4, 'direcao': 64, 'ignicao': 0, 'capacidadePeVeiculo': 0, 'capacidadeSentadoVeiculo': 0}"
2025-10-27T18:17:19.801298,902095,41,-22.879959,-43.341677,13.5,1761599764000,,volta,41 - TERMINAL RECREIO X PAULO DA PORTELA (EXPRESSO) [VOLTA],"{'codigo': '902095', 'placa': '', 'linha': '41', 'latitude': -22.879959, 'longitude': -43.341677, 'dataHora': 1761599764000, 'velocidade': 13.5, 'id_migracao_trajeto': '3542', 'sentido': 'volta', 'trajeto': '41 - TERMINAL RECREIO X PAULO DA PORTELA (EXPRESSO) [VOLTA]', 'hodometro': 122763.6, 'direcao': 1, 'ignicao': 1, 'capacidadePeVeiculo': 0, 'capacidadeSentadoVeiculo': 0}"
2025-10-27T18:17:19.801298,902375,60,-22.849176,-43.397241,0.0,1761599779000,,ida,60 - TERMINAL DEODORO X TIG (PARADOR) [IDA],"{'codigo': '902375', 'placa': '', 'linha': '60', 'latitude': -22.849176, 'longitude': -43.397241, 'dataHora': 1761599779000, 'velocidade': 0, 'id_migracao_trajeto': '9306', 'sentido': 'ida', 'trajeto': '60 - TERMINAL DEODORO X TIG (PARADOR) [IDA]', 'hodometro': 66783.5, 'direcao': 258, 'ignicao': 1, 'capacidadePeVeiculo': 0, 'capacidadeSentadoVeiculo': 0}"
2025-10-27T18:17:19.801298,KXM6403 SAVEIRO,11,-23.000759,-43.363599,0.0,1761598017000,KXM6403,volta,11 - ALVORADA X SANTA CRUZ (PARADOR) [VOLTA],"{'codigo': 'KXM6403 SAVEIRO', 'placa': 'KXM6403', 'linha': '11', 'latitude': -23.000759, 'longitude': -43.363599, 'dataHora': 1761598017000, 'velocidade': 0, 'id_migracao_trajeto': '105', 'sentido': 'volta', 'trajeto': '11 - ALVORADA X SANTA CRUZ (PARADOR) [VOLTA]', 'hodometro': 24670.6, 'direcao': ' ', 'ignicao': 0, 'capacidadePeVeiculo': 0, 'capacidadeSentadoVeiculo': 0}"
2025-10-27T18:17:19.801298,902090,40,-23.000915,-43.368129,28.4,1761599256000,,volta,40 - ALVORADA X PAULO DA PORTELA (EXPRESSO) [VOLTA],"{'codigo': '902090', 'placa': '', 'linha': '40', 'latitude': -23.000915, 'longitude': -43.368129, 'dataHora': 1761599256000, 'velocidade': 28.4, 'id_migracao_trajeto': '8973', 'sentido': 'volta', 'trajeto': '40 - ALVORADA X PAULO DA PORTELA (EXPRESSO) [VOLTA]', 'hodometro': 129177.4, 'direcao': 319, 'ignicao': 1, 'capacidadePeVeiculo': 0, 'capacidadeSentadoVeiculo': 0}"
2025-10-27T18:17:19.801298,KRA7040 - GOL,0,-23.01337,-43.485911,0.0,1761598758000,KRA7040,,,"{'codigo': 'KRA7040 - GOL', 'placa': 'KRA7040', 'linha': '0', 'latitude': -23.01337, 'longitude': -43.485911, 'dataHora': 1761598758000, 'velocidade': 0, 'id_migracao_trajeto': '', 'sentido': '', 'trajeto': '', 'hodometro': 58559.6, 'direcao': ' ', 'ignicao': 0, 'capacidadePeVeiculo': 0, 'capacidadeSentadoVeiculo': 0}"
2025-10-27T18:17:19.801298,902334,61,-22.850782,-43.384071,21.6,1761599788000,,ida,61 - TERMINAL DEODORO X TIG (EXPRESSO) [IDA],"{'codigo': '902334', 'placa': '', 'linha': '61', 'latitude': -22.850782, 'longitude': -43.384071, 'dataHora': 1761599788000, 'velocidade': 21.6, 'id_migracao_trajeto': '12046', 'sentido': 'ida', 'trajeto': '61 - TERMINAL DEODORO X TIG (EXPRESSO) [IDA]', 'hodometro': 29598.2, 'direcao': 316, 'ignicao': 1, 'capacidadePeVeiculo': 0, 'capacidadeSentadoVeiculo': 0}"
2025-10-27T18:17:19.801298,LSG7008 ACELLO INFRA,0,-22.964739,-43.391635,0.0,1761598847000,LSG7008,,,"{'codigo': 'LSG7008 ACELLO INFRA', 'placa': 'LSG7008', 'linha': '0', 'latitude': -22.964739, 'longitude': -43.391635, 'dataHora': 1761598847000, 'velocidade': 0, 'id_migracao_trajeto': '', 'sentido': '', 'trajeto': '', 'hodometro': 51915.5, 'direcao': ' ', 'ignicao': 0, 'capacidadePeVeiculo': 0, 'capacidadeSentadoVeiculo': 0}"
2025-10-27T18:17:19.801298,KXE9191 PKP,0,-22.957276,-43.390187,0.0,1761595325000,KXE9191,,,"{'codigo': 'KXE9191 PKP', 'placa': 'KXE9191', 'linha': '0', 'latitude': -22.957276, 'longitude': -43.390187, 'dataHora': 1761595325000, 'velocidade': 0, 'id_migracao_trajeto': '', 'sentido': '', 'trajeto': '', 'hodometro': 19408.4, 'direcao': 299, 'ignicao': 0, 'capacidadePeVeiculo': 0, 'capacidadeSentadoVeiculo': 0}"
2025-10-27T18:17:19.801298,901057,52,-23.001382,-43.367559,0.0,1761599660000,,volta,52 - T. ALVORADA X T. DEODORO (PARADOR) [VOLTA],"{'codigo': '901057', 'placa': '', 'linha': '52', 'latitude': -23.001382, 'longitude': -43.367559, 'dataHora': 1761599660000, 'velocidade': 0, 'id_migracao_trajeto': '9162', 'sentido': 'volta', 'trajeto': '52 - T. ALVORADA X T. DEODORO (PARADOR) [VOLTA]', 'hodometro': 272751.8, 'direcao': 72, 'ignicao': 1, 'capacidadePeVeiculo': 0, 'capacidadeSentadoVeiculo': 0}"
2025-10-27T18:17:19.801298,901003,0,-22.965234,-43.39125,0.0,1761597732000,RKM8C54,,,"{'codigo': '901003', 'placa': 'RKM8C54', 'linha': '0', 'latitude': -22.965234, 'longitude': -43.39125, 'dataHora': 1761597732000, 'velocidade': 0, 'id_migracao_trajeto': '', 'sentido': '', 'trajeto': '', 'hodometro': 211536.4, 'direcao': 54, 'ignicao': 0, 'capacidadePeVeiculo': 0, 'capacidadeSentadoVeiculo': 0}"
2025-10-27T18:17:19.801298,902455,80,-22.842085,-43.276919,17.5,1761599808000,,ida,80 - PENHA X TIG (PARADOR) [IDA],"{'codigo': '902455', 'placa': '', 'linha': '80', 'latitude': -22.842085, 'longitude': -43.276919, 'dataHora': 1761599808000, 'velocidade': 17.5, 'id_migracao_trajeto': '8935', 'sentido': 'ida', 'trajeto': '80 - PENHA X TIG (PARADOR) [IDA]', 'hodometro': 127434.1, 'direcao': 80, 'ignicao': 1, 'capacidadePeVeiculo': 0, 'capacidadeSentadoVeiculo': 0}"
2025-10-27T18:17:19.801298,KWB9798 - APOIO VAN,0,-22.964181,-43.391737,0.0,1761352960000,KWB9798,,,"{'codigo': 'KWB9798 - APOIO VAN', 'placa': 'KWB9798', 'linha': '0', 'latitude': -22.964181, 'longitude': -43.391737, 'dataHora': 1761352960000, 'velocidade': 0, 'id_migracao_trajeto': '', 'sentido': '', 'trajeto': '', 'hodometro': 17116.6, 'direcao': ' ', 'ignicao': 0, 'capacidadePeVeiculo': 0, 'capacidadeSentadoVeiculo': 0}"
2025-10-27T18:17:19.801298,901002,50,-23.000635,-43.368799,12.5,1761599482000,,ida,50 - TERMINAL CENTRO OLIMPICO X  JARDIM OCEÃ‚NICO (PARADOR) [IDA],"{'codigo': '901002', 'placa': '', 'linha': '50', 'latitude': -23.000635, 'longitude': -43.368799, 'dataHora': 1761599482000, 'velocidade': 12.5, 'id_migracao_trajeto': '3310', 'sentido': 'ida', 'trajeto': '50 - TERMINAL CENTRO OLIMPICO X  JARDIM OCEÃ‚NICO (PARADOR) [IDA]', 'hodometro': 203023.9, 'direcao': 142, 'ignicao': 1, 'capacidadePeVeiculo': 0, 'capacidadeSentadoVeiculo': 0}"
2025-10-27T18:17:19.801298,902313,60,-22.863973,-43.24786,37.9,1761599792000,,volta,60 - TIG  X  TERMINAL DEODORO (PARADOR) [VOLTA],"{'codigo': '902313', 'placa': '', 'linha': '60', 'latitude': -22.863973, 'longitude': -43.24786, 'dataHora': 1761599792000, 'velocidade': 37.9, 'id_migracao_trajeto': '9307', 'sentido': 'volta', 'trajeto': '60 - TIG  X  TERMINAL DEODORO (PARADOR) [VOLTA]', 'hodometro': 29474.3, 'direcao': ' ', 'ignicao': 1, 'capacidadePeVeiculo': 0, 'capacidadeSentadoVeiculo': 0}"
2025-10-27T18:17:19.801298,902103,41,-22.935283,-43.371683,22.6,1761599806000,,volta,41 - TERMINAL RECREIO X PAULO DA PORTELA (EXPRESSO) [VOLTA],"{'codigo': '902103', 'placa': '', 'linha': '41', 'latitude': -22.935283, 'longitude': -43.371683, 'dataHora': 1761599806000, 'velocidade': 22.6, 'id_migracao_trajeto': '3542', 'sentido': 'volta', 'trajeto': '41 - TERMINAL RECREIO X PAULO DA PORTELA (EXPRESSO) [VOLTA]', 'hodometro': 134949.7, 'direcao': 337, 'ignicao': 1, 'capacidadePeVeiculo': 0, 'capacidadeSentadoVeiculo': 0}"
2025-10-27T18:17:19.801298,901001,22,-23.006573,-43.312345,0.0,1761599807000,RJD7J89,volta,22 - JARDIM OCEÃ‚NICO X ALVORADA (PARADOR) [VOLTA],"{'codigo': '901001', 'placa': 'RJD7J89', 'linha': '22', 'latitude': -23.006573, 'longitude': -43.312345, 'dataHora': 1761599807000, 'velocidade': 0, 'id_migracao_trajeto': '8971', 'sentido': 'volta', 'trajeto': '22 - JARDIM OCEÃ‚NICO X ALVORADA (PARADOR) [VOLTA]', 'hodometro': 215379.3, 'direcao': 267, 'ignicao': 1, 'capacidadePeVeiculo': 0, 'capacidadeSentadoVeiculo': 0}"
2025-10-27T18:17:19.801298,901050,35,-22.87899,-43.336291,12.4,1761599808000,,ida,35 - MADUREIRA X ALVORADA (PARADOR) [IDA],"{'codigo': '901050', 'placa': '', 'linha': '35', 'latitude': -22.87899, 'longitude': -43.336291, 'dataHora': 1761599808000, 'velocidade': 12.4, 'id_migracao_trajeto': '108', 'sentido': 'ida', 'trajeto': '35 - MADUREIRA X ALVORADA (PARADOR) [IDA]', 'hodometro': 20280, 'direcao': 358, 'ignicao': 1, 'capacidadePeVeiculo': 0, 'capacidadeSentadoVeiculo': 0}"
2025-10-27T18:17:19.801298,901077,52,-22.951158,-43.389703,52.0,1761599765000,,volta,52 - T. ALVORADA X T. DEODORO (PARADOR) [VOLTA],"{'codigo': '901077', 'placa': '', 'linha': '52', 'latitude': -22.951158, 'longitude': -43.389703, 'dataHora': 1761599765000, 'velocidade': 52, 'id_migracao_trajeto': '9162', 'sentido': 'volta', 'trajeto': '52 - T. ALVORADA X T. DEODORO (PARADOR) [VOLTA]', 'hodometro': 208792.8, 'direcao': 355, 'ignicao': 1, 'capacidadePeVeiculo': 0, 'capacidadeSentadoVeiculo': 0}"
2025-10-27T18:17:19.801298,903045,17,-22.915609,-43.607243,51.3,1761599797000,,volta,17 - SANTA CRUZ X CAMPO GRANDE (PARADOR) [VOLTA],"{'codigo': '903045', 'placa': '', 'linha': '17', 'latitude': -22.915609, 'longitude': -43.607243, 'dataHora': 1761599797000, 'velocidade': 51.3, 'id_migracao_trajeto': '10579', 'sentido': 'volta', 'trajeto': '17 - SANTA CRUZ X CAMPO GRANDE (PARADOR) [VOLTA]', 'hodometro': 13400.3, 'direcao': 71, 'ignicao': 1, 'capacidadePeVeiculo': 0, 'capacidadeSentadoVeiculo': 0}"
2025-10-27T18:17:19.801298,902119,43,-22.918852,-43.365796,37.4,1761599794000,,volta,43 - SANTA EFIGENIA X FUNDÃƒO (EXPRESSO) [VOLTA],"{'codigo': '902119', 'placa': '', 'linha': '43', 'latitude': -22.918852, 'longitude': -43.365796, 'dataHora': 1761599794000, 'velocidade': 37.4, 'id_migracao_trajeto': '4050', 'sentido': 'volta', 'trajeto': '43 - SANTA EFIGENIA X FUNDÃƒO (EXPRESSO) [VOLTA]', 'hodometro': 138020.3, 'direcao': 59, 'ignicao': 1, 'capacidadePeVeiculo': 0, 'capacidadeSentadoVeiculo': 0}"
2025-10-27T18:17:19.801298,901058,51,-22.92491,-43.39767,59.2,1761599741000,,ida,51 - T. DEODORO X T. RECREIO (PARADOR) [IDA],"{'codigo': '901058', 'placa': '', 'linha': '51', 'latitude': -22.92491, 'longitude': -43.39767, 'dataHora': 1761599741000, 'velocidade': 59.2, 'id_migracao_trajeto': '3552', 'sentido': 'ida', 'trajeto': '51 - T. DEODORO X T. RECREIO (PARADOR) [IDA]', 'hodometro': 285232.2, 'direcao': 156, 'ignicao': 1, 'capacidadePeVeiculo': 0, 'capacidadeSentadoVeiculo': 0}"
2025-10-27T18:17:19.801298,902105,40,-22.897475,-43.351957,23.4,1761599801000,,volta,40 - ALVORADA X PAULO DA PORTELA (EXPRESSO) [VOLTA],"{'codigo': '902105', 'placa': '', 'linha': '40', 'latitude': -22.897475, 'longitude': -43.351957, 'dataHora': 1761599801000, 'velocidade': 23.4, 'id_migracao_trajeto': '8973', 'sentido': 'volta', 'trajeto': '40 - ALVORADA X PAULO DA PORTELA (EXPRESSO) [VOLTA]', 'hodometro': 132200.799, 'direcao': 32, 'ignicao': 1, 'capacidadePeVeiculo': 0, 'capacidadeSentadoVeiculo': 0}"
2025-10-27T18:17:19.801298,901071,22,-23.000127,-43.345776,39.2,1761599810000,,volta,22 - JARDIM OCEÃ‚NICO X ALVORADA (PARADOR) [VOLTA],"{'codigo': '901071', 'placa': '', 'linha': '22', 'latitude': -23.000127, 'longitude': -43.345776, 'dataHora': 1761599810000, 'velocidade': 39.2, 'id_migracao_trajeto': '8971', 'sentido': 'volta', 'trajeto': '22 - JARDIM OCEÃ‚NICO X ALVORADA (PARADOR) [VOLTA]', 'hodometro': 278257.5, 'direcao': 271, 'ignicao': 1, 'capacidadePeVeiculo': 0, 'capacidadeSentadoVeiculo': 0}"
2025-10-27T18:17:19.801298,903027,42,-22.852343,-43.316286,36.7,1761599804000,,ida,42 - GALEÃƒO X MADUREIRA MANANCEIA (PARADOR) [IDA],"{'codigo': '903027', 'placa': '', 'linha': '42', 'latitude': -22.852343, 'longitude': -43.316286, 'dataHora': 1761599804000, 'velocidade': 36.7, 'id_migracao_trajeto': '9447', 'sentido': 'ida', 'trajeto': '42 - GALEÃƒO X MADUREIRA MANANCEIA (PARADOR) [IDA]', 'hodometro': 63631.5, 'direcao': 263, 'ignicao': 1, 'capacidadePeVeiculo': 0, 'capacidadeSentadoVeiculo': 0}"
2025-10-27T18:17:19.801298,901066,53,-22.966325,-43.396466,38.6,1761599772000,,volta,53 - ALVORADA X SULACAP (EXPRESSO) [VOLTA],"{'codigo': '901066', 'placa': '', 'linha': '53', 'latitude': -22.966325, 'longitude': -43.396466, 'dataHora': 1761599772000, 'velocidade': 38.6, 'id_migracao_trajeto': '8967', 'sentido': 'volta', 'trajeto': '53 - ALVORADA X SULACAP (EXPRESSO) [VOLTA]', 'hodometro': 18338.1, 'direcao': 41, 'ignicao': 1, 'capacidadePeVeiculo': 0, 'capacidadeSentadoVeiculo': 0}"
2025-10-27T18:17:19.801298,903026,0,-22.876674,-43.329438,0.0,1760150685000,,,,"{'codigo': '903026', 'placa': '', 'linha': '0', 'latitude': -22.876674, 'longitude': -43.329438, 'dataHora': 1760150685000, 'velocidade': 0, 'id_migracao_trajeto': '', 'sentido': '', 'trajeto': '', 'hodometro': 222720.1, 'direcao': ' ', 'ignicao': 0, 'capacidadePeVeiculo': 0, 'capacidadeSentadoVeiculo': 0}"
2025-10-27T18:17:19.801298,903029,42,-22.853437,-43.248144,36.1,1761599810000,,volta,42 - MADUREIRA MANANCEIA X GALEAO (PARADOR) [VOLTA],"{'codigo': '903029', 'placa': '', 'linha': '42', 'latitude': -22.853437, 'longitude': -43.248144, 'dataHora': 1761599810000, 'velocidade': 36.1, 'id_migracao_trajeto': '9449', 'sentido': 'volta', 'trajeto': '42 - MADUREIRA MANANCEIA X GALEAO (PARADOR) [VOLTA]', 'hodometro': 217572.3, 'direcao': 354, 'ignicao': 1, 'capacidadePeVeiculo': 0, 'capacidadeSentadoVeiculo': 0}"
2025-10-27T18:17:19.801298,902116,40,-22.946205,-43.371931,45.9,1761599805000,,ida,40 - PAULO DA PORTELA X ALVORADA (EXPRESSO) [IDA],"{'codigo': '902116', 'placa': '', 'linha': '40', 'latitude': -22.946205, 'longitude': -43.371931, 'dataHora': 1761599805000, 'velocidade': 45.9, 'id_migracao_trajeto': '8972', 'sentido': 'ida', 'trajeto': '40 - PAULO DA PORTELA X ALVORADA (EXPRESSO) [IDA]', 'hodometro': 147318.9, 'direcao': 175, 'ignicao': 1, 'capacidadePeVeiculo': 0, 'capacidadeSentadoVeiculo': 0}"
2025-10-27T18:17:19.801298,903028,42,-22.840393,-43.23973,0.0,1761599809000,,volta,42 - MADUREIRA MANANCEIA X GALEAO (PARADOR) [VOLTA],"{'codigo': '903028', 'placa': '', 'linha': '42', 'latitude': -22.840393, 'longitude': -43.23973, 'dataHora': 1761599809000, 'velocidade': 0, 'id_migracao_trajeto': '9449', 'sentido': 'volta', 'trajeto': '42 - MADUREIRA MANANCEIA X GALEAO (PARADOR) [VOLTA]', 'hodometro': 251534.8, 'direcao': 232, 'ignicao': 1, 'capacidadePeVeiculo': 0, 'capacidadeSentadoVeiculo': 0}"
2025-10-27T18:17:19.801298,901061,51,-23.008717,-43.440641,0.0,1761599803000,,volta,51 - T. RECREIO X T.DEODORO (PARADOR) [VOLTA],"{'codigo': '901061', 'placa': '', 'linha': '51', 'latitude': -23.008717, 'longitude': -43.440641, 'dataHora': 1761599803000, 'velocidade': 0, 'id_migracao_trajeto': '3551', 'sentido': 'volta', 'trajeto': '51 - T. RECREIO X T.DEODORO (PARADOR) [VOLTA]', 'hodometro': 315207.3, 'direcao': 43, 'ignicao': 1, 'capacidadePeVeiculo': 0, 'capacidadeSentadoVeiculo': 0}"
2025-10-27T18:17:19.801298,903030,42,-22.840379,-43.297269,0.0,1761599794000,,ida,42 - GALEÃƒO X MADUREIRA MANANCEIA (PARADOR) [IDA],"{'codigo': '903030', 'placa': '', 'linha': '42', 'latitude': -22.840379, 'longitude': -43.297269, 'dataHora': 1761599794000, 'velocidade': 0, 'id_migracao_trajeto': '9447', 'sentido': 'ida', 'trajeto': '42 - GALEÃƒO X MADUREIRA MANANCEIA (PARADOR) [IDA]', 'hodometro': 0, 'direcao': 223, 'ignicao': 1, 'capacidadePeVeiculo': 0, 'capacidadeSentadoVeiculo': 0}"
2025-10-27T18:17:19.801298,903057,0,-22.920566,-43.608453,0.0,1750678855000,,,,"{'codigo': '903057', 'placa': '', 'linha': '0', 'latitude': -22.920566, 'longitude': -43.608453, 'dataHora': 1750678855000, 'velocidade': 0, 'id_migracao_trajeto': '', 'sentido': '', 'trajeto': '', 'hodometro': 0, 'direcao': ' ', 'ignicao': 0, 'capacidadePeVeiculo': 0, 'capacidadeSentadoVeiculo': 0}"
2025-10-27T18:17:19.801298,901051,35,-22.965935,-43.391085,0.0,1761595273000,,ida,35 - MADUREIRA X ALVORADA (PARADOR) [IDA],"{'codigo': '901051', 'placa': '', 'linha': '35', 'latitude': -22.965935, 'longitude': -43.391085, 'dataHora': 1761595273000, 'velocidade': 0, 'id_migracao_trajeto': '108', 'sentido': 'ida', 'trajeto': '35 - MADUREIRA X ALVORADA (PARADOR) [IDA]', 'hodometro': 214290.5, 'direcao': 156, 'ignicao': 0, 'capacidadePeVeiculo': 0, 'capacidadeSentadoVeiculo': 0}"
2025-10-27T18:17:19.801298,901064,53,-22.884533,-43.399277,13.1,1761599803000,,ida,53 - SULACAP X ALVORADA (EXPRESSO) [IDA],"{'codigo': '901064', 'placa': '', 'linha': '53', 'latitude': -22.884533, 'longitude': -43.399277, 'dataHora': 1761599803000, 'velocidade': 13.1, 'id_migracao_trajeto': '8966', 'sentido': 'ida', 'trajeto': '53 - SULACAP X ALVORADA (EXPRESSO) [IDA]', 'hodometro': 298489.9, 'direcao': 351, 'ignicao': 1, 'capacidadePeVeiculo': 0, 'capacidadeSentadoVeiculo': 0}"
2025-10-27T18:17:19.801298,902107,46,-22.9235,-43.373797,39.4,1761599228000,,ida,46 - PENHA X ALVORADA (EXPRESSO) [IDA],"{'codigo': '902107', 'placa': '', 'linha': '46', 'latitude': -22.9235, 'longitude': -43.373797, 'dataHora': 1761599228000, 'velocidade': 39.4, 'id_migracao_trajeto': '144', 'sentido': 'ida', 'trajeto': '46 - PENHA X ALVORADA (EXPRESSO) [IDA]', 'hodometro': 137543.3, 'direcao': 174, 'ignicao': 1, 'capacidadePeVeiculo': 0, 'capacidadeSentadoVeiculo': 0}"
2025-10-27T18:17:19.801298,901049,51,-23.008575,-43.440563,0.0,1761599811000,,volta,51 - T. RECREIO X T.DEODORO (PARADOR) [VOLTA],"{'codigo': '901049', 'placa': '', 'linha': '51', 'latitude': -23.008575, 'longitude': -43.440563, 'dataHora': 1761599811000, 'velocidade': 0, 'id_migracao_trajeto': '3551', 'sentido': 'volta', 'trajeto': '51 - T. RECREIO X T.DEODORO (PARADOR) [VOLTA]', 'hodometro': 164881.3, 'direcao': 45, 'ignicao': 1, 'capacidadePeVeiculo': 0, 'capacidadeSentadoVeiculo': 0}"
2025-10-27T18:17:19.801298,901073,53,-22.973276,-43.397695,49.3,1761599789000,,ida,53 - SULACAP X ALVORADA (EXPRESSO) [IDA],"{'codigo': '901073', 'placa': '', 'linha': '53', 'latitude': -22.973276, 'longitude': -43.397695, 'dataHora': 1761599789000, 'velocidade': 49.3, 'id_migracao_trajeto': '8966', 'sentido': 'ida', 'trajeto': '53 - SULACAP X ALVORADA (EXPRESSO) [IDA]', 'hodometro': 87805.4, 'direcao': 90, 'ignicao': 1, 'capacidadePeVeiculo': 0, 'capacidadeSentadoVeiculo': 0}"
2025-10-27T18:17:19.801298,901048,35,-23.00124,-43.364174,16.5,1761599155000,,volta,35 - ALVORADA  X  MADUREIRA (PARADOR) [VOLTA],"{'codigo': '901048', 'placa': '', 'linha': '35', 'latitude': -23.00124, 'longitude': -43.364174, 'dataHora': 1761599155000, 'velocidade': 16.5, 'id_migracao_trajeto': '109', 'sentido': 'volta', 'trajeto': '35 - ALVORADA  X  MADUREIRA (PARADOR) [VOLTA]', 'hodometro': 237795.8, 'direcao': 356, 'ignicao': 1, 'capacidadePeVeiculo': 0, 'capacidadeSentadoVeiculo': 0}"
2025-10-27T18:17:19.801298,901065,53,-22.973123,-43.399114,38.5,1761599631000,,volta,53 - ALVORADA X SULACAP (EXPRESSO) [VOLTA],"{'codigo': '901065', 'placa': '', 'linha': '53', 'latitude': -22.973123, 'longitude': -43.399114, 'dataHora': 1761599631000, 'velocidade': 38.5, 'id_migracao_trajeto': '8967', 'sentido': 'volta', 'trajeto': '53 - ALVORADA X SULACAP (EXPRESSO) [VOLTA]', 'hodometro': 273660.4, 'direcao': 279, 'ignicao': 1, 'capacidadePeVeiculo': 0, 'capacidadeSentadoVeiculo': 0}"
2025-10-27T18:17:19.801298,903031,42,-22.876561,-43.329568,0.0,1761220160000,,ida,42 - GALEÃƒO X MADUREIRA MANANCEIA (PARADOR) [IDA],"{'codigo': '903031', 'placa': '', 'linha': '42', 'latitude': -22.876561, 'longitude': -43.329568, 'dataHora': 1761220160000, 'velocidade': 0, 'id_migracao_trajeto': '9447', 'sentido': 'ida', 'trajeto': '42 - GALEÃƒO X MADUREIRA MANANCEIA (PARADOR) [IDA]', 'hodometro': 227442, 'direcao': 84, 'ignicao': 0, 'capacidadePeVeiculo': 0, 'capacidadeSentadoVeiculo': 0}"
2025-10-27T18:17:19.801298,902092,40,-23.001378,-43.365552,0.0,1761599788000,,volta,40 - ALVORADA X PAULO DA PORTELA (EXPRESSO) [VOLTA],"{'codigo': '902092', 'placa': '', 'linha': '40', 'latitude': -23.001378, 'longitude': -43.365552, 'dataHora': 1761599788000, 'velocidade': 0, 'id_migracao_trajeto': '8973', 'sentido': 'volta', 'trajeto': '40 - ALVORADA X PAULO DA PORTELA (EXPRESSO) [VOLTA]', 'hodometro': 132198, 'direcao': 84, 'ignicao': 1, 'capacidadePeVeiculo': 0, 'capacidadeSentadoVeiculo': 0}"
2025-10-27T18:17:19.801298,903032,42,-22.876926,-43.329692,1.0,1761598606000,,ida,42 - GALEÃƒO X MADUREIRA MANANCEIA (PARADOR) [IDA],"{'codigo': '903032', 'placa': '', 'linha': '42', 'latitude': -22.876926, 'longitude': -43.329692, 'dataHora': 1761598606000, 'velocidade': 1, 'id_migracao_trajeto': '9447', 'sentido': 'ida', 'trajeto': '42 - GALEÃƒO X MADUREIRA MANANCEIA (PARADOR) [IDA]', 'hodometro': 193650.3, 'direcao': 146, 'ignicao': 0, 'capacidadePeVeiculo': 0, 'capacidadeSentadoVeiculo': 0}"
2025-10-27T18:17:19.801298,901075,52,-22.964506,-43.394906,44.4,1761599803000,,volta,52 - T. ALVORADA X T. DEODORO (PARADOR) [VOLTA],"{'codigo': '901075', 'placa': '', 'linha': '52', 'latitude': -22.964506, 'longitude': -43.394906, 'dataHora': 1761599803000, 'velocidade': 44.4, 'id_migracao_trajeto': '9162', 'sentido': 'volta', 'trajeto': '52 - T. ALVORADA X T. DEODORO (PARADOR) [VOLTA]', 'hodometro': 308654.7, 'direcao': 40, 'ignicao': 1, 'capacidadePeVeiculo': 0, 'capacidadeSentadoVeiculo': 0}"
2025-10-27T18:17:19.801298,903055,17,-22.911408,-43.589675,15.2,1761599797000,,volta,17 - SANTA CRUZ X CAMPO GRANDE (PARADOR) [VOLTA],"{'codigo': '903055', 'placa': '', 'linha': '17', 'latitude': -22.911408, 'longitude': -43.589675, 'dataHora': 1761599797000, 'velocidade': 15.2, 'id_migracao_trajeto': '10579', 'sentido': 'volta', 'trajeto': '17 - SANTA CRUZ X CAMPO GRANDE (PARADOR) [VOLTA]', 'hodometro': 105957.8, 'direcao': 79, 'ignicao': 1, 'capacidadePeVeiculo': 0, 'capacidadeSentadoVeiculo': 0}"
2025-10-27T18:17:19.801298,902112,0,-22.954942,-43.376779,49.9,1761599791000,,,,"{'codigo': '902112', 'placa': '', 'linha': '0', 'latitude': -22.954942, 'longitude': -43.376779, 'dataHora': 1761599791000, 'velocidade': 49.9, 'id_migracao_trajeto': '', 'sentido': '', 'trajeto': '', 'hodometro': 131619.5, 'direcao': 50, 'ignicao': 1, 'capacidadePeVeiculo': 0, 'capacidadeSentadoVeiculo': 0}"
2025-10-27T18:17:19.801298,903037,17,-22.919365,-43.646174,0.0,1761598388000,,volta,17 - SANTA CRUZ X CAMPO GRANDE (PARADOR) [VOLTA],"{'codigo': '903037', 'placa': '', 'linha': '17', 'latitude': -22.919365, 'longitude': -43.646174, 'dataHora': 1761598388000, 'velocidade': 0, 'id_migracao_trajeto': '10579', 'sentido': 'volta', 'trajeto': '17 - SANTA CRUZ X CAMPO GRANDE (PARADOR) [VOLTA]', 'hodometro': 126439.3, 'direcao': ' ', 'ignicao': 0, 'capacidadePeVeiculo': 0, 'capacidadeSentadoVeiculo': 0}"
2025-10-27T18:17:19.801298,903002,42,-22.853314,-43.261764,54.1,1761599789000,,volta,42 - MADUREIRA MANANCEIA X GALEAO (PARADOR) [VOLTA],"{'codigo': '903002', 'placa': '', 'linha': '42', 'latitude': -22.853314, 'longitude': -43.261764, 'dataHora': 1761599789000, 'velocidade': 54.1, 'id_migracao_trajeto': '9449', 'sentido': 'volta', 'trajeto': '42 - MADUREIRA MANANCEIA X GALEAO (PARADOR) [VOLTA]', 'hodometro': 91930.3, 'direcao': 143, 'ignicao': 1, 'capacidadePeVeiculo': 0, 'capacidadeSentadoVeiculo': 0}"
2025-10-27T18:17:19.801298,901080,52,-22.97326,-43.379969,24.9,1761599796000,,ida,52 - T. DEODORO X T. ALVORADA (PARADOR) [IDA],"{'codigo': '901080', 'placa': '', 'linha': '52', 'latitude': -22.97326, 'longitude': -43.379969, 'dataHora': 1761599796000, 'velocidade': 24.9, 'id_migracao_trajeto': '9161', 'sentido': 'ida', 'trajeto': '52 - T. DEODORO X T. ALVORADA (PARADOR) [IDA]', 'hodometro': 274104.6, 'direcao': 88, 'ignicao': 1, 'capacidadePeVeiculo': 0, 'capacidadeSentadoVeiculo': 0}"
2025-10-27T18:17:19.801298,902110,43,-22.897439,-43.352007,24.4,1761599804000,,ida,43 - FUNDÃƒO X SANTA EFIGENIA (EXPRESSO) [IDA],"{'codigo': '902110', 'placa': '', 'linha': '43', 'latitude': -22.897439, 'longitude': -43.352007, 'dataHora': 1761599804000, 'velocidade': 24.4, 'id_migracao_trajeto': '4049', 'sentido': 'ida', 'trajeto': '43 - FUNDÃƒO X SANTA EFIGENIA (EXPRESSO) [IDA]', 'hodometro': 135854, 'direcao': 213, 'ignicao': 1, 'capacidadePeVeiculo': 0, 'capacidadeSentadoVeiculo': 0}"
2025-10-27T18:17:19.801298,902114,43,-22.924356,-43.373885,27.1,1761599799000,,ida,43 - FUNDÃƒO X SANTA EFIGENIA (EXPRESSO) [IDA],"{'codigo': '902114', 'placa': '', 'linha': '43', 'latitude': -22.924356, 'longitude': -43.373885, 'dataHora': 1761599799000, 'velocidade': 27.1, 'id_migracao_trajeto': '4049', 'sentido': 'ida', 'trajeto': '43 - FUNDÃƒO X SANTA EFIGENIA (EXPRESSO) [IDA]', 'hodometro': 124575.2, 'direcao': 178, 'ignicao': 1, 'capacidadePeVeiculo': 0, 'capacidadeSentadoVeiculo': 0}"
2025-10-27T18:17:19.801298,902078,40,-22.959699,-43.388312,37.0,1761599810000,,ida,40 - PAULO DA PORTELA X ALVORADA (EXPRESSO) [IDA],"{'codigo': '902078', 'placa': '', 'linha': '40', 'latitude': -22.959699, 'longitude': -43.388312, 'dataHora': 1761599810000, 'velocidade': 37, 'id_migracao_trajeto': '8972', 'sentido': 'ida', 'trajeto': '40 - PAULO DA PORTELA X ALVORADA (EXPRESSO) [IDA]', 'hodometro': 128710.3, 'direcao': 259, 'ignicao': 1, 'capacidadePeVeiculo': 0, 'capacidadeSentadoVeiculo': 0}"
2025-10-27T18:17:19.801298,902111,40,-23.001363,-43.366414,0.0,1761599158000,,volta,40 - ALVORADA X PAULO DA PORTELA (EXPRESSO) [VOLTA],"{'codigo': '902111', 'placa': '', 'linha': '40', 'latitude': -23.001363, 'longitude': -43.366414, 'dataHora': 1761599158000, 'velocidade': 0, 'id_migracao_trajeto': '8973', 'sentido': 'volta', 'trajeto': '40 - ALVORADA X PAULO DA PORTELA (EXPRESSO) [VOLTA]', 'hodometro': 139766.2, 'direcao': ' ', 'ignicao': 1, 'capacidadePeVeiculo': 0, 'capacidadeSentadoVeiculo': 0}"
2025-10-27T18:17:19.801298,902025,40,-23.001406,-43.36761,0.0,1761599789000,,volta,40 - ALVORADA X PAULO DA PORTELA (EXPRESSO) [VOLTA],"{'codigo': '902025', 'placa': '', 'linha': '40', 'latitude': -23.001406, 'longitude': -43.36761, 'dataHora': 1761599789000, 'velocidade': 0, 'id_migracao_trajeto': '8973', 'sentido': 'volta', 'trajeto': '40 - ALVORADA X PAULO DA PORTELA (EXPRESSO) [VOLTA]', 'hodometro': 120038.6, 'direcao': 87, 'ignicao': 1, 'capacidadePeVeiculo': 0, 'capacidadeSentadoVeiculo': 0}"
2025-10-27T18:17:19.801298,903054,17,-22.927588,-43.677522,15.9,1761599246000,,volta,17 - SANTA CRUZ X CAMPO GRANDE (PARADOR) [VOLTA],"{'codigo': '903054', 'placa': '', 'linha': '17', 'latitude': -22.927588, 'longitude': -43.677522, 'dataHora': 1761599246000, 'velocidade': 15.9, 'id_migracao_trajeto': '10579', 'sentido': 'volta', 'trajeto': '17 - SANTA CRUZ X CAMPO GRANDE (PARADOR) [VOLTA]', 'hodometro': 175047.1, 'direcao': 126, 'ignicao': 1, 'capacidadePeVeiculo': 0, 'capacidadeSentadoVeiculo': 0}"
2025-10-27T18:17:19.801298,903056,17,-22.916188,-43.622719,18.8,1761599802000,,ida,17 - CAMPO GRANDE  X SANTA CRUZ (PARADOR) [IDA],"{'codigo': '903056', 'placa': '', 'linha': '17', 'latitude': -22.916188, 'longitude': -43.622719, 'dataHora': 1761599802000, 'velocidade': 18.8, 'id_migracao_trajeto': '10580', 'sentido': 'ida', 'trajeto': '17 - CAMPO GRANDE  X SANTA CRUZ (PARADOR) [IDA]', 'hodometro': 163588.8, 'direcao': 272, 'ignicao': 1, 'capacidadePeVeiculo': 0, 'capacidadeSentadoVeiculo': 0}"
2025-10-27T18:17:19.801298,903000,42,-22.811198,-43.25137,0.0,1761599803000,,ida,42 - GALEÃƒO X MADUREIRA MANANCEIA (PARADOR) [IDA],"{'codigo': '903000', 'placa': '', 'linha': '42', 'latitude': -22.811198, 'longitude': -43.25137, 'dataHora': 1761599803000, 'velocidade': 0, 'id_migracao_trajeto': '9447', 'sentido': 'ida', 'trajeto': '42 - GALEÃƒO X MADUREIRA MANANCEIA (PARADOR) [IDA]', 'hodometro': 202879.1, 'direcao': 137, 'ignicao': 1, 'capacidadePeVeiculo': 0, 'capacidadeSentadoVeiculo': 0}"
2025-10-27T18:17:19.801298,903058,17,-22.901263,-43.554281,5.8,1761599788000,,ida,17 - CAMPO GRANDE  X SANTA CRUZ (PARADOR) [IDA],"{'codigo': '903058', 'placa': '', 'linha': '17', 'latitude': -22.901263, 'longitude': -43.554281, 'dataHora': 1761599788000, 'velocidade': 5.8, 'id_migracao_trajeto': '10580', 'sentido': 'ida', 'trajeto': '17 - CAMPO GRANDE  X SANTA CRUZ (PARADOR) [IDA]', 'hodometro': 114192.6, 'direcao': 68, 'ignicao': 1, 'capacidadePeVeiculo': 0, 'capacidadeSentadoVeiculo': 0}"
2025-10-27T18:17:19.801298,901072,53,-22.920866,-43.396897,52.9,1761599791000,,ida,53 - SULACAP X ALVORADA (EXPRESSO) [IDA],"{'codigo': '901072', 'placa': '', 'linha': '53', 'latitude': -22.920866, 'longitude': -43.396897, 'dataHora': 1761599791000, 'velocidade': 52.9, 'id_migracao_trajeto': '8966', 'sentido': 'ida', 'trajeto': '53 - SULACAP X ALVORADA (EXPRESSO) [IDA]', 'hodometro': 239635.6, 'direcao': 200, 'ignicao': 1, 'capacidadePeVeiculo': 0, 'capacidadeSentadoVeiculo': 0}"
2025-10-27T18:17:19.801298,902045,41,-22.92483,-43.373866,11.3,1761599803000,,ida,41 - PAULO DA PORTELA X TERMINAL RECREIO (EXPRESSO) [IDA],"{'codigo': '902045', 'placa': '', 'linha': '41', 'latitude': -22.92483, 'longitude': -43.373866, 'dataHora': 1761599803000, 'velocidade': 11.3, 'id_migracao_trajeto': '3543', 'sentido': 'ida', 'trajeto': '41 - PAULO DA PORTELA X TERMINAL RECREIO (EXPRESSO) [IDA]', 'hodometro': 159493.7, 'direcao': 174, 'ignicao': 1, 'capacidadePeVeiculo': 0, 'capacidadeSentadoVeiculo': 0}"
2025-10-27T18:17:19.801298,903008,42,-22.876933,-43.329923,0.1,1761596938000,,ida,42 - GALEÃƒO X MADUREIRA MANANCEIA (PARADOR) [IDA],"{'codigo': '903008', 'placa': '', 'linha': '42', 'latitude': -22.876933, 'longitude': -43.329923, 'dataHora': 1761596938000, 'velocidade': 0.1, 'id_migracao_trajeto': '9447', 'sentido': 'ida', 'trajeto': '42 - GALEÃƒO X MADUREIRA MANANCEIA (PARADOR) [IDA]', 'hodometro': 226178.2, 'direcao': 141, 'ignicao': 0, 'capacidadePeVeiculo': 0, 'capacidadeSentadoVeiculo': 0}"
2025-10-27T18:17:19.801298,903007,42,-22.811093,-43.25149,0.0,1761599794000,,ida,42 - GALEÃƒO X MADUREIRA MANANCEIA (PARADOR) [IDA],"{'codigo': '903007', 'placa': '', 'linha': '42', 'latitude': -22.811093, 'longitude': -43.25149, 'dataHora': 1761599794000, 'velocidade': 0, 'id_migracao_trajeto': '9447', 'sentido': 'ida', 'trajeto': '42 - GALEÃƒO X MADUREIRA MANANCEIA (PARADOR) [IDA]', 'hodometro': 255363.8, 'direcao': 135, 'ignicao': 1, 'capacidadePeVeiculo': 0, 'capacidadeSentadoVeiculo': 0}"
2025-10-27T18:17:19.801298,903004,42,-22.877653,-43.3364,11.6,1761599791000,,volta,42 - MADUREIRA MANANCEIA X GALEAO (PARADOR) [VOLTA],"{'codigo': '903004', 'placa': '', 'linha': '42', 'latitude': -22.877653, 'longitude': -43.3364, 'dataHora': 1761599791000, 'velocidade': 11.6, 'id_migracao_trajeto': '9449', 'sentido': 'volta', 'trajeto': '42 - MADUREIRA MANANCEIA X GALEAO (PARADOR) [VOLTA]', 'hodometro': 212989.5, 'direcao': 216, 'ignicao': 1, 'capacidadePeVeiculo': 0, 'capacidadeSentadoVeiculo': 0}"
2025-10-27T18:17:19.801298,903006,42,-22.877168,-43.329953,0.0,1761227612000,,ida,42 - GALEÃƒO X MADUREIRA MANANCEIA (PARADOR) [IDA],"{'codigo': '903006', 'placa': '', 'linha': '42', 'latitude': -22.877168, 'longitude': -43.329953, 'dataHora': 1761227612000, 'velocidade': 0, 'id_migracao_trajeto': '9447', 'sentido': 'ida', 'trajeto': '42 - GALEÃƒO X MADUREIRA MANANCEIA (PARADOR) [IDA]', 'hodometro': 232327.2, 'direcao': ' ', 'ignicao': 0, 'capacidadePeVeiculo': 0, 'capacidadeSentadoVeiculo': 0}"
2025-10-27T18:17:19.801298,901046,53,-22.884772,-43.399579,0.0,1761599752000,,ida,53 - SULACAP X ALVORADA (EXPRESSO) [IDA],"{'codigo': '901046', 'placa': '', 'linha': '53', 'latitude': -22.884772, 'longitude': -43.399579, 'dataHora': 1761599752000, 'velocidade': 0, 'id_migracao_trajeto': '8966', 'sentido': 'ida', 'trajeto': '53 - SULACAP X ALVORADA (EXPRESSO) [IDA]', 'hodometro': 68754.5, 'direcao': 106, 'ignicao': 1, 'capacidadePeVeiculo': 0, 'capacidadeSentadoVeiculo': 0}"
2025-10-27T18:17:19.801298,903005,42,-22.877393,-43.336074,0.0,1761599810000,,volta,42 - MADUREIRA MANANCEIA X GALEAO (PARADOR) [VOLTA],"{'codigo': '903005', 'placa': '', 'linha': '42', 'latitude': -22.877393, 'longitude': -43.336074, 'dataHora': 1761599810000, 'velocidade': 0, 'id_migracao_trajeto': '9449', 'sentido': 'volta', 'trajeto': '42 - MADUREIRA MANANCEIA X GALEAO (PARADOR) [VOLTA]', 'hodometro': 200105.8, 'direcao': 21, 'ignicao': 1, 'capacidadePeVeiculo': 0, 'capacidadeSentadoVeiculo': 0}"
2025-10-27T18:17:19.801298,903022,42,-22.876959,-43.329849,0.0,1759949888000,,ida,42 - GALEÃƒO X MADUREIRA MANANCEIA (PARADOR) [IDA],"{'codigo': '903022', 'placa': '', 'linha': '42', 'latitude': -22.876959, 'longitude': -43.329849, 'dataHora': 1759949888000, 'velocidade': 0, 'id_migracao_trajeto': '9447', 'sentido': 'ida', 'trajeto': '42 - GALEÃƒO X MADUREIRA MANANCEIA (PARADOR) [IDA]', 'hodometro': 264082.2, 'direcao': 143, 'ignicao': 0, 'capacidadePeVeiculo': 0, 'capacidadeSentadoVeiculo': 0}"
2025-10-27T18:17:19.801298,903035,17,-22.914137,-43.601409,0.2,1761599789000,,ida,17 - CAMPO GRANDE  X SANTA CRUZ (PARADOR) [IDA],"{'codigo': '903035', 'placa': '', 'linha': '17', 'latitude': -22.914137, 'longitude': -43.601409, 'dataHora': 1761599789000, 'velocidade': 0.2, 'id_migracao_trajeto': '10580', 'sentido': 'ida', 'trajeto': '17 - CAMPO GRANDE  X SANTA CRUZ (PARADOR) [IDA]', 'hodometro': 19410, 'direcao': 301, 'ignicao': 1, 'capacidadePeVeiculo': 0, 'capacidadeSentadoVeiculo': 0}"
2025-10-27T18:17:19.801298,901059,35,-22.964756,-43.391456,0.4,1761599292000,,ida,35 - MADUREIRA X ALVORADA (PARADOR) [IDA],"{'codigo': '901059', 'placa': '', 'linha': '35', 'latitude': -22.964756, 'longitude': -43.391456, 'dataHora': 1761599292000, 'velocidade': 0.4, 'id_migracao_trajeto': '108', 'sentido': 'ida', 'trajeto': '35 - MADUREIRA X ALVORADA (PARADOR) [IDA]', 'hodometro': 298810.9, 'direcao': 82, 'ignicao': 0, 'capacidadePeVeiculo': 0, 'capacidadeSentadoVeiculo': 0}"
2025-10-27T18:17:19.801298,903003,42,-22.839838,-43.239396,0.0,1761599799000,,ida,42 - GALEÃƒO X MADUREIRA MANANCEIA (PARADOR) [IDA],"{'codigo': '903003', 'placa': '', 'linha': '42', 'latitude': -22.839838, 'longitude': -43.239396, 'dataHora': 1761599799000, 'velocidade': 0, 'id_migracao_trajeto': '9447', 'sentido': 'ida', 'trajeto': '42 - GALEÃƒO X MADUREIRA MANANCEIA (PARADOR) [IDA]', 'hodometro': 214079.8, 'direcao': 140, 'ignicao': 1, 'capacidadePeVeiculo': 0, 'capacidadeSentadoVeiculo': 0}"
2025-10-27T18:17:19.801298,901019,40,-22.973157,-43.385203,19.7,1761599799000,,volta,40 - ALVORADA X PAULO DA PORTELA (EXPRESSO) [VOLTA],"{'codigo': '901019', 'placa': '', 'linha': '40', 'latitude': -22.973157, 'longitude': -43.385203, 'dataHora': 1761599799000, 'velocidade': 19.7, 'id_migracao_trajeto': '8973', 'sentido': 'volta', 'trajeto': '40 - ALVORADA X PAULO DA PORTELA (EXPRESSO) [VOLTA]', 'hodometro': 233117.6, 'direcao': 270, 'ignicao': 1, 'capacidadePeVeiculo': 0, 'capacidadeSentadoVeiculo': 0}"
2025-10-27T18:17:19.801298,901020,53,-22.911189,-43.400787,53.3,1761599742000,,volta,53 - ALVORADA X SULACAP (EXPRESSO) [VOLTA],"{'codigo': '901020', 'placa': '', 'linha': '53', 'latitude': -22.911189, 'longitude': -43.400787, 'dataHora': 1761599742000, 'velocidade': 53.3, 'id_migracao_trajeto': '8967', 'sentido': 'volta', 'trajeto': '53 - ALVORADA X SULACAP (EXPRESSO) [VOLTA]', 'hodometro': 3022.3, 'direcao': 9, 'ignicao': 1, 'capacidadePeVeiculo': 0, 'capacidadeSentadoVeiculo': 0}"
2025-10-27T18:17:19.801298,901021,52,-22.937697,-43.395037,45.2,1761599797000,,volta,52 - T. ALVORADA X T. DEODORO (PARADOR) [VOLTA],"{'codigo': '901021', 'placa': '', 'linha': '52', 'latitude': -22.937697, 'longitude': -43.395037, 'dataHora': 1761599797000, 'velocidade': 45.2, 'id_migracao_trajeto': '9162', 'sentido': 'volta', 'trajeto': '52 - T. ALVORADA X T. DEODORO (PARADOR) [VOLTA]', 'hodometro': 210961.7, 'direcao': 349, 'ignicao': 1, 'capacidadePeVeiculo': 0, 'capacidadeSentadoVeiculo': 0}"
2025-10-27T18:17:19.801298,901022,53,-22.883096,-43.39949,25.5,1761599806000,,ida,53 - SULACAP X ALVORADA (EXPRESSO) [IDA],"{'codigo': '901022', 'placa': '', 'linha': '53', 'latitude': -22.883096, 'longitude': -43.39949, 'dataHora': 1761599806000, 'velocidade': 25.5, 'id_migracao_trajeto': '8966', 'sentido': 'ida', 'trajeto': '53 - SULACAP X ALVORADA (EXPRESSO) [IDA]', 'hodometro': 263857.7, 'direcao': 308, 'ignicao': 1, 'capacidadePeVeiculo': 0, 'capacidadeSentadoVeiculo': 0}"
2025-10-27T18:17:19.801298,901023,53,-22.981646,-43.365532,48.8,1761599795000,,volta,53 - ALVORADA X SULACAP (EXPRESSO) [VOLTA],"{'codigo': '901023', 'placa': '', 'linha': '53', 'latitude': -22.981646, 'longitude': -43.365532, 'dataHora': 1761599795000, 'velocidade': 48.8, 'id_migracao_trajeto': '8967', 'sentido': 'volta', 'trajeto': '53 - ALVORADA X SULACAP (EXPRESSO) [VOLTA]', 'hodometro': 58912.3, 'direcao': 1, 'ignicao': 1, 'capacidadePeVeiculo': 0, 'capacidadeSentadoVeiculo': 0}"
2025-10-27T18:17:19.801298,901024,35,-22.974332,-43.363796,36.0,1761599449000,,ida,35 - MADUREIRA X ALVORADA (PARADOR) [IDA],"{'codigo': '901024', 'placa': '', 'linha': '35', 'latitude': -22.974332, 'longitude': -43.363796, 'dataHora': 1761599449000, 'velocidade': 36, 'id_migracao_trajeto': '108', 'sentido': 'ida', 'trajeto': '35 - MADUREIRA X ALVORADA (PARADOR) [IDA]', 'hodometro': 192584.5, 'direcao': 209, 'ignicao': 1, 'capacidadePeVeiculo': 0, 'capacidadeSentadoVeiculo': 0}"
2025-10-27T18:17:19.801298,901025,22,-23.000106,-43.366799,0.0,1761599772000,,volta,22 - JARDIM OCEÃ‚NICO X ALVORADA (PARADOR) [VOLTA],"{'codigo': '901025', 'placa': '', 'linha': '22', 'latitude': -23.000106, 'longitude': -43.366799, 'dataHora': 1761599772000, 'velocidade': 0, 'id_migracao_trajeto': '8971', 'sentido': 'volta', 'trajeto': '22 - JARDIM OCEÃ‚NICO X ALVORADA (PARADOR) [VOLTA]', 'hodometro': 241176.1, 'direcao': 267, 'ignicao': 1, 'capacidadePeVeiculo': 0, 'capacidadeSentadoVeiculo': 0}"
2025-10-27T18:17:19.801298,901026,35,-22.959932,-43.38877,16.0,1761599805000,,volta,35 - ALVORADA  X  MADUREIRA (PARADOR) [VOLTA],"{'codigo': '901026', 'placa': '', 'linha': '35', 'latitude': -22.959932, 'longitude': -43.38877, 'dataHora': 1761599805000, 'velocidade': 16, 'id_migracao_trajeto': '109', 'sentido': 'volta', 'trajeto': '35 - ALVORADA  X  MADUREIRA (PARADOR) [VOLTA]', 'hodometro': 276389, 'direcao': 72, 'ignicao': 1, 'capacidadePeVeiculo': 0, 'capacidadeSentadoVeiculo': 0}"
2025-10-27T18:17:19.801298,901027,0,-23.001399,-43.367372,0.0,1761599802000,,,,"{'codigo': '901027', 'placa': '', 'linha': '0', 'latitude': -23.001399, 'longitude': -43.367372, 'dataHora': 1761599802000, 'velocidade': 0, 'id_migracao_trajeto': '', 'sentido': '', 'trajeto': '', 'hodometro': 254306.3, 'direcao': 93, 'ignicao': 1, 'capacidadePeVeiculo': 0, 'capacidadeSentadoVeiculo': 0}"
2025-10-27T18:17:19.801298,901028,35,-23.001362,-43.366784,0.0,1761599645000,,volta,35 - ALVORADA  X  MADUREIRA (PARADOR) [VOLTA],"{'codigo': '901028', 'placa': '', 'linha': '35', 'latitude': -23.001362, 'longitude': -43.366784, 'dataHora': 1761599645000, 'velocidade': 0, 'id_migracao_trajeto': '109', 'sentido': 'volta', 'trajeto': '35 - ALVORADA  X  MADUREIRA (PARADOR) [VOLTA]', 'hodometro': 216527.1, 'direcao': 65, 'ignicao': 1, 'capacidadePeVeiculo': 0, 'capacidadeSentadoVeiculo': 0}"
2025-10-27T18:17:19.801298,903001,42,-22.842297,-43.277636,15.3,1761599808000,,volta,42 - MADUREIRA MANANCEIA X GALEAO (PARADOR) [VOLTA],"{'codigo': '903001', 'placa': '', 'linha': '42', 'latitude': -22.842297, 'longitude': -43.277636, 'dataHora': 1761599808000, 'velocidade': 15.3, 'id_migracao_trajeto': '9449', 'sentido': 'volta', 'trajeto': '42 - MADUREIRA MANANCEIA X GALEAO (PARADOR) [VOLTA]', 'hodometro': 209798.3, 'direcao': 62, 'ignicao': 1, 'capacidadePeVeiculo': 0, 'capacidadeSentadoVeiculo': 0}"
2025-10-27T18:17:19.801298,901029,53,-22.899184,-43.397698,49.9,1761599717000,,ida,53 - SULACAP X ALVORADA (EXPRESSO) [IDA],"{'codigo': '901029', 'placa': '', 'linha': '53', 'latitude': -22.899184, 'longitude': -43.397698, 'dataHora': 1761599717000, 'velocidade': 49.9, 'id_migracao_trajeto': '8966', 'sentido': 'ida', 'trajeto': '53 - SULACAP X ALVORADA (EXPRESSO) [IDA]', 'hodometro': 250150.1, 'direcao': 169, 'ignicao': 1, 'capacidadePeVeiculo': 0, 'capacidadeSentadoVeiculo': 0}"
2025-10-27T18:17:19.801298,901031,35,-22.920027,-43.368022,38.9,1761599765000,,ida,35 - MADUREIRA X ALVORADA (PARADOR) [IDA],"{'codigo': '901031', 'placa': '', 'linha': '35', 'latitude': -22.920027, 'longitude': -43.368022, 'dataHora': 1761599765000, 'velocidade': 38.9, 'id_migracao_trajeto': '108', 'sentido': 'ida', 'trajeto': '35 - MADUREIRA X ALVORADA (PARADOR) [IDA]', 'hodometro': 17891.1, 'direcao': 234, 'ignicao': 1, 'capacidadePeVeiculo': 0, 'capacidadeSentadoVeiculo': 0}"
2025-10-27T18:17:19.801298,901032,22,-23.000439,-43.336045,29.2,1761599804000,,volta,22 - JARDIM OCEÃ‚NICO X ALVORADA (PARADOR) [VOLTA],"{'codigo': '901032', 'placa': '', 'linha': '22', 'latitude': -23.000439, 'longitude': -43.336045, 'dataHora': 1761599804000, 'velocidade': 29.2, 'id_migracao_trajeto': '8971', 'sentido': 'volta', 'trajeto': '22 - JARDIM OCEÃ‚NICO X ALVORADA (PARADOR) [VOLTA]', 'hodometro': 240979.2, 'direcao': 271, 'ignicao': 1, 'capacidadePeVeiculo': 0, 'capacidadeSentadoVeiculo': 0}"
